PRAGMA foreign_keys=OFF;
BEGIN TRANSACTION;
CREATE TABLE IF NOT EXISTS "schema_migrations" ("version" varchar NOT NULL PRIMARY KEY);
INSERT INTO schema_migrations VALUES('20231110001448');
INSERT INTO schema_migrations VALUES('20231114080059');
INSERT INTO schema_migrations VALUES('20231115013656');
INSERT INTO schema_migrations VALUES('20231115013705');
INSERT INTO schema_migrations VALUES('20231117044909');
CREATE TABLE IF NOT EXISTS "ar_internal_metadata" ("key" varchar NOT NULL PRIMARY KEY, "value" varchar, "created_at" datetime(6) NOT NULL, "updated_at" datetime(6) NOT NULL);
INSERT INTO ar_internal_metadata VALUES('environment','development','2023-11-27 10:18:12.147497','2023-11-27 10:18:12.147505');
CREATE TABLE IF NOT EXISTS "articles" ("id" integer PRIMARY KEY AUTOINCREMENT NOT NULL, "title" varchar, "body" text, "created_at" datetime(6) NOT NULL, "updated_at" datetime(6) NOT NULL, "status" varchar);
INSERT INTO articles VALUES(3,'中国地方の最高峰・大山','大山は鳥取県が誇る名峰である。','2023-12-13 07:56:41.773993','2023-12-26 04:22:28.251648','public');
INSERT INTO articles VALUES(4,'大山登山','大山の風景は登山者の立つ頂により，劇的に異なる．','2023-12-13 07:58:54.005459','2023-12-28 09:13:29.048018','public');
INSERT INTO articles VALUES(5,'秋の大山','秋には紅葉により化粧された大山が見られる。','2023-12-13 08:05:45.806155','2023-12-14 00:26:09.263210','public');
INSERT INTO articles VALUES(6,'倉吉にて見る皆既月食','皆既月食により月が赤く染まる。','2023-12-13 08:25:53.430812','2023-12-14 00:27:35.825053','public');
INSERT INTO articles VALUES(7,'惑星物質研究所','我々の研究所は自然のすぐそばにある。','2023-12-13 08:29:29.957503','2023-12-14 10:10:18.839750','public');
CREATE TABLE IF NOT EXISTS "comments" ("id" integer PRIMARY KEY AUTOINCREMENT NOT NULL, "commenter" varchar, "body" text, "article_id" integer NOT NULL, "created_at" datetime(6) NOT NULL, "updated_at" datetime(6) NOT NULL, "status" varchar, CONSTRAINT "fk_rails_3bf61a60d3"
FOREIGN KEY ("article_id")
  REFERENCES "articles" ("id")
);
INSERT INTO comments VALUES(2,'','',5,'2023-12-13 08:06:28.345502','2023-12-13 08:06:28.345502','public');
INSERT INTO comments VALUES(4,'MY','test',7,'2023-12-28 09:04:04.007261','2023-12-28 09:04:04.007261','public');
CREATE TABLE IF NOT EXISTS "active_storage_blobs" ("id" integer PRIMARY KEY AUTOINCREMENT NOT NULL, "key" varchar NOT NULL, "filename" varchar NOT NULL, "content_type" varchar, "metadata" text, "service_name" varchar NOT NULL, "byte_size" bigint NOT NULL, "checksum" varchar, "created_at" datetime(6) NOT NULL);
INSERT INTO active_storage_blobs VALUES(1,'6mhclp0egx01qs6ipu7d6wdh0kuh','1000009951.jpg','image/jpeg','{"identified":true}','local',1436315,'HqHtRsPiZq+wa6cfIc2hXg==','2023-11-27 10:20:16.507364');
INSERT INTO active_storage_blobs VALUES(2,'iaw27uo1csizmx3g31yb0b4vtw0i','1000009951.jpg','image/jpeg','{"identified":true,"width":300,"height":400,"analyzed":true}','local',17787,'nYLdk3rcRilS2KiVOq+aTw==','2023-11-27 10:20:17.052855');
INSERT INTO active_storage_blobs VALUES(4,'l3o23amhmd9tv9wtjhbxqctcvmmw','1000009951.jpg','image/jpeg','{"identified":true,"width":3024,"height":4032,"analyzed":true}','local',1436315,'HqHtRsPiZq+wa6cfIc2hXg==','2023-12-01 10:01:21.968811');
INSERT INTO active_storage_blobs VALUES(6,'gnhxowhia31vjt8inyjniaf1t5if','1000010004.jpg','image/jpeg','{"identified":true,"width":4032,"height":3024,"analyzed":true}','local',1673071,'puj4kVFTcUrSvFqgDzFZCA==','2023-12-06 01:54:51.856028');
INSERT INTO active_storage_blobs VALUES(8,'70ax7eo3p48j6m987xm2imx7rxgn','1000009951.jpg','image/jpeg','{"identified":true,"width":200,"height":267,"analyzed":true}','local',8488,'db2XtD99zd9iHJl/Rjnb6g==','2023-12-06 03:19:41.303221');
INSERT INTO active_storage_blobs VALUES(9,'ox42ucqo5j8amxewyn41oucug8uq','1000010004.jpg','image/jpeg','{"identified":true,"width":200,"height":150,"analyzed":true}','local',4649,'LuCFvBFsuDKomxGlGMGbcQ==','2023-12-06 03:19:41.494883');
INSERT INTO active_storage_blobs VALUES(10,'41iptgcl5ofj8po3xeansvbe8lvm','daisen-spring.JPG','image/jpeg','{"identified":true,"width":1824,"height":1368,"analyzed":true}','local',644950,'BG9bVRHtJVf2jqMwm4qDTA==','2023-12-13 07:56:41.782039');
INSERT INTO active_storage_blobs VALUES(11,'n0be68wap26pjc41gzjt1mz0zey2','daisen-spring.jpg','image/jpeg','{"identified":true,"width":200,"height":150,"analyzed":true}','local',12229,'SfFPHOCqEeKPXUYNSdczZA==','2023-12-13 07:56:42.520802');
INSERT INTO active_storage_blobs VALUES(12,'kxe6cqerkc07s7vrsxlw56vusblq','daisen-summer.jpg','image/jpeg','{"identified":true,"width":2736,"height":3648,"analyzed":true}','local',2794995,'CK6xGNadGqkLqLDZgYeg1A==','2023-12-13 07:58:54.010905');
INSERT INTO active_storage_blobs VALUES(13,'o5oeaf1ocidtwf29pwh0hl70mb4w','daisen-summer.jpg','image/jpeg','{"identified":true,"width":200,"height":267,"analyzed":true}','local',24367,'ub5EjcfJdqXiUeLBMMfT/A==','2023-12-13 07:58:54.645830');
INSERT INTO active_storage_blobs VALUES(18,'8iulpx0riec71czn1ych4t89n612','daisen-fall.jpg','image/jpeg','{"identified":true,"width":3648,"height":2736,"analyzed":true}','local',3551420,'CttM8hiCdknEWhScsrEtDQ==','2023-12-13 08:21:29.937082');
INSERT INTO active_storage_blobs VALUES(19,'z2msfdad2zmqln5hj85kr4fjfri4','daisen-fall-d.png','image/png','{"identified":true,"width":4032,"height":3024,"analyzed":true}','local',13991728,'ULagZpb+dhTraK5UpPQ/aQ==','2023-12-13 08:21:29.943757');
INSERT INTO active_storage_blobs VALUES(20,'q4cbkecfxlsfveyiqclnzbk2husk','daisen-fall-b.jpg','image/jpeg','{"identified":true,"width":4032,"height":3024,"analyzed":true}','local',5453680,'HerL4jjnCb+vD9km3/OjoA==','2023-12-13 08:21:29.949542');
INSERT INTO active_storage_blobs VALUES(21,'imuuk4nyvwt17r8aukbayku2afjs','daisen-fall.jpg','image/jpeg','{"identified":true,"width":200,"height":150,"analyzed":true}','local',12882,'fm7Ju0Bb6BWIg61BA/qwIQ==','2023-12-13 08:21:31.609834');
INSERT INTO active_storage_blobs VALUES(22,'nlqame7l3hzisdvey6pesq844x1f','daisen-fall-b.jpg','image/jpeg','{"identified":true,"width":200,"height":150,"analyzed":true}','local',19107,'dTpUXM1IZGbajYjnAR5Bpg==','2023-12-13 08:21:31.689811');
INSERT INTO active_storage_blobs VALUES(23,'q6jdiuwsx56anzb593cus0epa09l','daisen-fall-d.png','image/png','{"identified":true,"width":200,"height":150,"analyzed":true}','local',47327,'3bERMaOLmmMGrLimQ1Vy+Q==','2023-12-13 08:21:32.267306');
INSERT INTO active_storage_blobs VALUES(24,'jkfowd88adc2zsdebe9jyz0bcv36','red-moon.png','image/png','{"identified":true,"width":1723,"height":1723,"analyzed":true}','local',4040046,'Cjs8xL9qGX10KqlDljr4nA==','2023-12-13 08:25:53.437805');
INSERT INTO active_storage_blobs VALUES(25,'dqhw3rdh7lyuheansie26nnrn8nr','red-moon.png','image/png','{"identified":true,"width":200,"height":200,"analyzed":true}','local',30318,'wWc2ksydQoDClDmhUH5jug==','2023-12-13 08:25:54.001480');
INSERT INTO active_storage_blobs VALUES(26,'u0rtk4mdxkwnsisqox34o7678f01','school-summer.jpg','image/jpeg','{"identified":true,"width":5863,"height":3165,"analyzed":true}','local',12803496,'IBMywTHc9bL4k3t1UXSTbg==','2023-12-13 08:29:29.962217');
INSERT INTO active_storage_blobs VALUES(27,'v8pz3brc8640cgcxtztjady7ul1d','school-winter.png','image/png','{"identified":true,"width":787,"height":1406,"analyzed":true}','local',1493784,'HmKt8guFhMTUMCn+MR2NXw==','2023-12-13 08:29:29.967859');
INSERT INTO active_storage_blobs VALUES(28,'8zdzrh9z39oxh8kzgdwanuv2kpu2','school-spring.png','image/png','{"identified":true}','local',4939650,'7Kdt08GBhjP6omNa4fxTBQ==','2023-12-13 08:29:29.973294');
INSERT INTO active_storage_blobs VALUES(29,'xc79lebfkt9tlc9y5xgxj3w6z4w6','school-winter.png','image/png','{"identified":true,"width":200,"height":357,"analyzed":true}','local',109546,'EA+fMtfptwOM1+roLa6t0A==','2023-12-13 08:29:30.584678');
INSERT INTO active_storage_blobs VALUES(30,'zstc19ue1y9jl4jvo5ogk4kdinfp','school-spring.png','image/png','{"identified":true,"width":200,"height":113,"analyzed":true}','local',49093,'DtQ0qCGFbTfucBcpJOyimQ==','2023-12-13 08:29:35.678000');
INSERT INTO active_storage_blobs VALUES(31,'hr9nnkscyac9yg6q78ixf3eajxsr','school-summer.jpg','image/jpeg','{"identified":true}','local',39719,'gOHMxUplljGnSuYFyDxCtA==','2023-12-13 08:29:35.830651');
INSERT INTO active_storage_blobs VALUES(32,'5kvx1t98ohid18ng20yn6j0rnp8q','sky-fall.png','image/png','{"identified":true,"width":4000,"height":3000,"analyzed":true}','local',18445578,'0EJzXK//kewrqaU/QpswzA==','2023-12-13 08:32:24.899938');
INSERT INTO active_storage_blobs VALUES(33,'y6pacq9klnnytu0p9z6mhwoxex08','sky-fall.png','image/png','{"identified":true,"width":200,"height":150,"analyzed":true}','local',47962,'kpjJx4mUbePF+mN89Fjm9A==','2023-12-13 08:32:26.358746');
INSERT INTO active_storage_blobs VALUES(34,'je8cn6yp4bhatcic2r8x04uylj9q','sky-fall.png','image/png','{"identified":true,"width":4000,"height":3000,"analyzed":true}','local',18445578,'0EJzXK//kewrqaU/QpswzA==','2023-12-14 00:19:09.422156');
INSERT INTO active_storage_blobs VALUES(35,'0zp4qkm5vyjifaqzp85s0ikjjj9z','sky-fall.png','image/png','{"identified":true,"width":200,"height":150,"analyzed":true}','local',47962,'Hgl/2RnS1LIThYBbPvi4sg==','2023-12-14 00:19:10.977488');
INSERT INTO active_storage_blobs VALUES(36,'4npfefz7unsoa11ucdbdi8d0gizi','daisen-spring.jpg','image/jpeg','{"identified":true,"width":300,"height":225,"analyzed":true}','local',26273,'4nfFvHW8lUT9ZLPAXQTpwA==','2023-12-22 08:31:45.170041');
INSERT INTO active_storage_blobs VALUES(37,'owgloqhjhhf9dakpwnq8scz220om','red-moon.png','image/png','{"identified":true,"width":300,"height":300,"analyzed":true}','local',72832,'egBfkGYrLuGkqpammGBcJA==','2023-12-22 08:31:45.303906');
INSERT INTO active_storage_blobs VALUES(38,'4ybdv2zsj7mb8ro5s85ycal7bgbr','daisen-summer.jpg','image/jpeg','{"identified":true,"width":300,"height":400,"analyzed":true}','local',53411,'2/4W+5MfAyoHEWlt8xdYWQ==','2023-12-22 08:32:13.720892');
INSERT INTO active_storage_blobs VALUES(39,'acvgbcua278ihizu5w7xr4yg6e18','daisen-fall.jpg','image/jpeg','{"identified":true,"width":300,"height":225,"analyzed":true}','local',27959,'MP3eGDVEATl8SfThhUOcWg==','2023-12-22 08:32:13.876775');
INSERT INTO active_storage_blobs VALUES(40,'3oaabbr8gc25044lgryhwe6bgilw','school-summer.jpg','image/jpeg','{"identified":true,"width":300,"height":162,"analyzed":true}','local',79750,'QJoFELNwKssDDPXp2IBhgA==','2023-12-22 08:32:14.802666');
INSERT INTO active_storage_blobs VALUES(41,'69e4124xrvp1759a3x8qflhq3en7','daisen-spring.jpg','image/jpeg','{"identified":true,"width":300,"height":225,"analyzed":true}','local',26273,'4nfFvHW8lUT9ZLPAXQTpwA==','2023-12-22 08:32:57.060711');
INSERT INTO active_storage_blobs VALUES(42,'as5w32f03ye32xfearxcaskmtumo','daisen-fall.jpg','image/jpeg','{"identified":true,"width":300,"height":225,"analyzed":true}','local',27959,'MP3eGDVEATl8SfThhUOcWg==','2023-12-22 08:33:02.959751');
INSERT INTO active_storage_blobs VALUES(43,'vsp358u59fqgxogjyjue218xnffi','school-summer.jpg','image/jpeg','{"identified":true,"width":300,"height":162,"analyzed":true}','local',79750,'QJoFELNwKssDDPXp2IBhgA==','2023-12-22 08:33:03.016043');
INSERT INTO active_storage_blobs VALUES(44,'6z451cj9zorl5ms6ochubp1uz2s5','daisen-spring.jpg','image/jpeg','{"identified":true,"width":300,"height":225,"analyzed":true}','local',26273,'4nfFvHW8lUT9ZLPAXQTpwA==','2023-12-22 08:33:23.660708');
INSERT INTO active_storage_blobs VALUES(45,'f8wg6b2biq2qeheyxf0qkgdoas53','red-moon.png','image/png','{"identified":true,"width":300,"height":300,"analyzed":true}','local',72832,'x/2mK9PhlVhu7ooUK7OM9A==','2023-12-22 08:33:23.964988');
INSERT INTO active_storage_blobs VALUES(46,'8hoyk3t73xegqkc1ngq0ngm2esed','daisen-fall.jpg','image/jpeg','{"identified":true,"width":300,"height":225,"analyzed":true}','local',27959,'MP3eGDVEATl8SfThhUOcWg==','2023-12-22 08:33:24.613417');
INSERT INTO active_storage_blobs VALUES(47,'a5fbhdo759hfi3kzcp6z25s2hc44','school-summer.jpg','image/jpeg','{"identified":true,"width":300,"height":162,"analyzed":true}','local',79750,'QJoFELNwKssDDPXp2IBhgA==','2023-12-22 08:33:25.057168');
INSERT INTO active_storage_blobs VALUES(48,'vfa76aqlqpdkcz8ahmoyy5x9vx9t','daisen-spring.jpg','image/jpeg','{"identified":true,"width":300,"height":225,"analyzed":true}','local',26273,'4nfFvHW8lUT9ZLPAXQTpwA==','2023-12-22 08:37:20.156713');
INSERT INTO active_storage_blobs VALUES(49,'xi7z70k06z7v1m3kjtjzribz3nc5','daisen-summer.jpg','image/jpeg','{"identified":true}','local',37287,'5ZSikSuryzEgQNr691aTAA==','2023-12-22 08:37:20.414860');
INSERT INTO active_storage_blobs VALUES(50,'osvnv6fiivc4l8yjg6nyhn3x8078','red-moon.png','image/png','{"identified":true,"width":300,"height":300,"analyzed":true}','local',72832,'8frvXPBCMp7pVL8Fr6ngqg==','2023-12-22 08:37:20.512651');
INSERT INTO active_storage_blobs VALUES(51,'s0w2j3qkzrdz7m2na8nsxkx10a35','school-summer.jpg','image/jpeg','{"identified":true,"width":300,"height":162,"analyzed":true}','local',79750,'QJoFELNwKssDDPXp2IBhgA==','2023-12-22 08:37:25.622282');
INSERT INTO active_storage_blobs VALUES(52,'fsrse0mevaxbusfxxo0391qe4yj5','daisen-spring.jpg','image/jpeg','{"identified":true,"width":300,"height":300,"analyzed":true}','local',27558,'DDLgqQavEeR7lPb6nWyNYA==','2023-12-22 08:37:57.992187');
INSERT INTO active_storage_blobs VALUES(53,'2jili5caganqfz24r2wl1tuu1rvn','daisen-summer.jpg','image/jpeg','{"identified":true}','local',30307,'ptAFeNORXhmRV7lJ/YAPig==','2023-12-22 08:37:58.290842');
INSERT INTO active_storage_blobs VALUES(54,'0dj6er32sbrj34un32seec5e3edt','red-moon.png','image/png','{"identified":true,"width":300,"height":300,"analyzed":true}','local',50247,'hKmVr1U487uSDu72tIHb8w==','2023-12-22 08:37:58.377568');
INSERT INTO active_storage_blobs VALUES(55,'9o33ib320wzkjrymvtwkmy63bk0q','daisen-fall.jpg','image/jpeg','{"identified":true,"width":300,"height":300,"analyzed":true}','local',23399,'oiCAms9koxgoBxvGbiU14g==','2023-12-22 08:38:03.463220');
INSERT INTO active_storage_blobs VALUES(56,'qxmmtu1ie4xtdpxc0uauceb1j5ck','school-summer.jpg','image/jpeg','{"identified":true,"width":300,"height":300,"analyzed":true}','local',131002,'Yreh75Bj8pRLmrm14Mvurg==','2023-12-22 08:38:03.525838');
INSERT INTO active_storage_blobs VALUES(57,'hxdh5ej038uxxm4t65ux7mj0ao30','daisen-spring.jpg','image/jpeg','{"identified":true,"width":300,"height":300,"analyzed":true}','local',38510,'Nc4sKEU3JBmdxqpje91EXw==','2023-12-22 08:38:32.975746');
INSERT INTO active_storage_blobs VALUES(58,'m8lseak8gz7n9b1f5myxazru68lw','daisen-summer.jpg','image/jpeg','{"identified":true,"width":300,"height":300,"analyzed":true}','local',36251,'SSYW0tlSAi3UJkzuwBqstQ==','2023-12-22 08:38:33.247012');
INSERT INTO active_storage_blobs VALUES(59,'ov36b92faau51b46cywnnemt2t7u','daisen-fall.jpg','image/jpeg','{"identified":true,"width":300,"height":300,"analyzed":true}','local',48566,'385YLncjlU6z0KHfnk4XXA==','2023-12-22 08:38:33.359705');
INSERT INTO active_storage_blobs VALUES(60,'ccxbvqs084z0pp755hiuekcsc6bh','red-moon.png','image/png','{"identified":true,"width":300,"height":300,"analyzed":true}','local',80467,'6pOyXgO0cY7NQFkb89gW/w==','2023-12-22 08:38:33.608355');
INSERT INTO active_storage_blobs VALUES(61,'f9y3o9g00ppjh3u4vi7q9zddaapa','school-summer.jpg','image/jpeg','{"identified":true,"width":300,"height":224,"analyzed":true}','local',102405,'6tz3y3QaW1Y3/Fk+1J+JSw==','2023-12-22 08:38:34.069837');
INSERT INTO active_storage_blobs VALUES(62,'b2pvvcnavz866ff8j4cd3kazjn1y','daisen-spring.jpg','image/jpeg','{"identified":true,"width":300,"height":300,"analyzed":true}','local',30010,'zNqtq4akxZq84i1DTO9NIA==','2023-12-22 08:39:47.461787');
INSERT INTO active_storage_blobs VALUES(63,'7ehucl7rb28u4ulim2as6v4i8cs6','daisen-summer.jpg','image/jpeg','{"identified":true,"width":300,"height":300,"analyzed":true}','local',31694,'xJ5hE8DXMIL+VJu/GIRFSg==','2023-12-22 08:39:47.798183');
INSERT INTO active_storage_blobs VALUES(64,'1wc939d5kn6466nf0lgoasc996vr','daisen-fall.jpg','image/jpeg','{"identified":true,"width":300,"height":300,"analyzed":true}','local',29462,'slJbjISTWmhSlnPhatWHFw==','2023-12-22 08:39:47.863606');
INSERT INTO active_storage_blobs VALUES(65,'agv5vvg9abbtm6pc24f4iy204tp6','red-moon.png','image/png','{"identified":true,"width":300,"height":300,"analyzed":true}','local',81193,'/6bU7A3otCZsopfpQsYEnA==','2023-12-22 08:39:47.996585');
INSERT INTO active_storage_blobs VALUES(66,'7romknavg8sf8p5vkxccm0lib5tl','school-summer.jpg','image/jpeg','{"identified":true,"width":300,"height":300,"analyzed":true}','local',129337,'Jd+rjQDQXAam3MxakMdNaA==','2023-12-22 08:39:48.543547');
INSERT INTO active_storage_blobs VALUES(67,'f8lz3t8zwblz5gnnaxj4kfg2jde4','daisen-spring.jpg','image/jpeg','{"identified":true,"width":300,"height":300,"analyzed":true}','local',36638,'ASVJB4x7NZU8rNLfyN4ItA==','2023-12-22 08:40:46.397091');
INSERT INTO active_storage_blobs VALUES(68,'4aqhbx9mzx8kmw1dxp7lremg3lye','daisen-summer.jpg','image/jpeg','{"identified":true,"width":300,"height":300,"analyzed":true}','local',45868,'WoLiF5BcPowaY7k0/M26Lg==','2023-12-22 08:40:46.697043');
INSERT INTO active_storage_blobs VALUES(69,'kw9235kdrlvu9yuq5j1z13c701fn','daisen-fall.jpg','image/jpeg','{"identified":true,"width":300,"height":300,"analyzed":true}','local',50235,'pXMq4qsIfcoOFtOqxDk0GQ==','2023-12-22 08:40:46.815255');
INSERT INTO active_storage_blobs VALUES(70,'hdlo7wygljavg82rmw8zfsblnjhf','red-moon.png','image/png','{"identified":true,"width":300,"height":300,"analyzed":true}','local',91278,'3AHwpSvb257yW2h9JSdRfg==','2023-12-22 08:40:46.849116');
INSERT INTO active_storage_blobs VALUES(71,'pj887g42ijqkouka1vxrb4vmw0uy','school-summer.jpg','image/jpeg','{"identified":true,"width":300,"height":300,"analyzed":true}','local',116983,'wZqlabGYK/ivMjUyKTEGYQ==','2023-12-22 08:40:47.440128');
INSERT INTO active_storage_blobs VALUES(72,'jkgfff95d5d47llr1lcuuhx37v8f','daisen-spring.jpg','image/jpeg','{"identified":true,"width":300,"height":300,"analyzed":true}','local',35435,'gPoiC/Rh4zbZdK1h/sfktw==','2023-12-22 08:40:57.500959');
INSERT INTO active_storage_blobs VALUES(73,'0z2yvujk5b0j2tnn3wcxxwlkccyj','daisen-summer.jpg','image/jpeg','{"identified":true,"width":300,"height":300,"analyzed":true}','local',44564,'Xg3pDSuXSJ54xO7brl5ZVg==','2023-12-22 08:40:57.780193');
INSERT INTO active_storage_blobs VALUES(74,'myoa8mj5cru940awfhkhl3yy3tyo','red-moon.png','image/png','{"identified":true,"width":300,"height":300,"analyzed":true}','local',83758,'jDvIDpJVKJX2aAEDj5V/wQ==','2023-12-22 08:40:57.809204');
INSERT INTO active_storage_blobs VALUES(75,'l5ayhk3fothsejge2rdmnuu9irg4','daisen-fall.jpg','image/jpeg','{"identified":true,"width":300,"height":300,"analyzed":true}','local',46544,'tns4FJmHc6UQ78BbZGHifg==','2023-12-22 08:40:57.901179');
INSERT INTO active_storage_blobs VALUES(76,'ubwagnisvxn8tm775wdsktcihcpp','school-summer.jpg','image/jpeg','{"identified":true,"width":300,"height":300,"analyzed":true}','local',119230,'lTB1zDlJ05Jim8NbBQ49Uw==','2023-12-22 08:40:58.636108');
INSERT INTO active_storage_blobs VALUES(77,'uz8ls7anx67e7pr0711jwsyt2ady','daisen-spring.jpg','image/jpeg','{"identified":true,"width":600,"height":450,"analyzed":true}','local',100027,'AzNF4dwe41Ao12N/wrGrLQ==','2023-12-22 08:52:36.751566');
INSERT INTO active_storage_blobs VALUES(78,'2276kvwx9vckor29mtv3hudooups','daisen-summer.jpg','image/jpeg','{"identified":true,"width":600,"height":800,"analyzed":true}','local',205529,'YcANyxRkpJMPZytxCrNnTg==','2023-12-22 08:52:39.729574');
INSERT INTO active_storage_blobs VALUES(79,'8ziltuq18thprfmojz5p9aou0ftf','daisen-fall.jpg','image/jpeg','{"identified":true,"width":600,"height":450,"analyzed":true}','local',108113,'o0XIjCRozeTPoNw84RbpVQ==','2023-12-22 08:52:47.462721');
INSERT INTO active_storage_blobs VALUES(80,'rrb5zz65a5ox6try0xevap5ii39k','daisen-fall-b.jpg','image/jpeg','{"identified":true,"width":600,"height":450,"analyzed":true}','local',157448,'F6KQRnErI/bLjd1UJaXhcg==','2023-12-22 08:52:47.541973');
INSERT INTO active_storage_blobs VALUES(81,'hacpeor7asi0tmd2y0mspsxb4ung','daisen-fall-d.png','image/png','{"identified":true,"width":600,"height":450,"analyzed":true}','local',377929,'XU2msKg/wwQe8PDX+BVYuQ==','2023-12-22 08:52:48.225894');
INSERT INTO active_storage_blobs VALUES(82,'2i98x51zengn4h8gdo5mpjjxggmq','daisen-fall.jpg','image/jpeg','{"identified":true,"width":500,"height":375,"analyzed":true}','local',74778,'kHEJzmJ+KyXODFZq2NEhWA==','2023-12-22 08:52:57.481326');
INSERT INTO active_storage_blobs VALUES(83,'b4b9zkmxadqcw5ux4nedahvxg8eu','daisen-fall-b.jpg','image/jpeg','{"identified":true}','local',110049,'O7y2ML37pWmD6PEGXMPQ3w==','2023-12-22 08:52:57.614114');
INSERT INTO active_storage_blobs VALUES(84,'kam6l2tdiukhq5kwi2bads5htopb','daisen-fall-d.png','image/png','{"identified":true,"width":500,"height":375,"analyzed":true}','local',265469,'1Kp30uBOybd8i1Klzu7xHQ==','2023-12-22 08:53:02.877975');
INSERT INTO active_storage_blobs VALUES(85,'g3naol4cupfxra7ukhfd32b9hylf','school-spring.png','image/png','{"identified":true,"width":500,"height":281,"analyzed":true}','local',285661,'paLubBSNPpHbqImqCX0yjQ==','2023-12-22 08:59:23.491868');
INSERT INTO active_storage_blobs VALUES(86,'kscei2xsu24o6awtw1gq47pazkea','school-winter.png','image/png','{"identified":true,"width":500,"height":893,"analyzed":true}','local',556727,'pWlM6cL/V5GlcCVKLLlTVg==','2023-12-22 08:59:23.798590');
INSERT INTO active_storage_blobs VALUES(87,'p5r8c7m2kf1pajuv4d7qrohggred','school-summer.jpg','image/jpeg','{"identified":true,"width":500,"height":270,"analyzed":true}','local',190577,'Or1p1DnESxsslpai5JW4/w==','2023-12-22 08:59:24.225396');
INSERT INTO active_storage_blobs VALUES(88,'4kzepuzdzln3e2jykq07wszmif7f','daisen-spring.jpg','image/jpeg','{"identified":true,"width":500,"height":375,"analyzed":true}','local',69879,'+7i+GUiMOMT8FSoslt5EUQ==','2023-12-22 08:59:53.150736');
INSERT INTO active_storage_blobs VALUES(89,'643iyvd4vfosxjczjbn4sl4quskl','daisen-summer.jpg','image/jpeg','{"identified":true,"width":500,"height":667,"analyzed":true}','local',146173,'hspdsHNxiZnPa5LYcgXXbg==','2023-12-25 06:32:06.917644');
INSERT INTO active_storage_blobs VALUES(90,'2mr3nlhixuilhv78ady8nhglupki','red-moon.png','image/png','{"identified":true,"width":500,"height":500,"analyzed":true}','local',220466,'xmy3dxWANDjeoGQUz+G9hw==','2023-12-25 06:32:20.919201');
INSERT INTO active_storage_blobs VALUES(91,'i17x7kwjfwlfhgupfa6omh41chr2','sky-fall.png','image/png','{"identified":true,"width":500,"height":375,"analyzed":true}','local',290002,'Z5ldcbP1HQ5qe4AhAV5Oiw==','2023-12-25 06:32:21.422934');
CREATE TABLE IF NOT EXISTS "active_storage_attachments" ("id" integer PRIMARY KEY AUTOINCREMENT NOT NULL, "name" varchar NOT NULL, "record_type" varchar NOT NULL, "record_id" bigint NOT NULL, "blob_id" bigint NOT NULL, "created_at" datetime(6) NOT NULL, CONSTRAINT "fk_rails_c3b3935057"
FOREIGN KEY ("blob_id")
  REFERENCES "active_storage_blobs" ("id")
);
INSERT INTO active_storage_attachments VALUES(1,'image','Article',2,1,'2023-11-27 10:20:16.510499');
INSERT INTO active_storage_attachments VALUES(2,'image','ActiveStorage::VariantRecord',1,2,'2023-11-27 10:20:17.057330');
INSERT INTO active_storage_attachments VALUES(8,'image','ActiveStorage::VariantRecord',2,8,'2023-12-06 03:19:41.308927');
INSERT INTO active_storage_attachments VALUES(9,'image','ActiveStorage::VariantRecord',3,9,'2023-12-06 03:19:41.499904');
INSERT INTO active_storage_attachments VALUES(10,'images','Article',3,10,'2023-12-13 07:56:41.785803');
INSERT INTO active_storage_attachments VALUES(11,'image','ActiveStorage::VariantRecord',4,11,'2023-12-13 07:56:42.551018');
INSERT INTO active_storage_attachments VALUES(12,'images','Article',4,12,'2023-12-13 07:58:54.015404');
INSERT INTO active_storage_attachments VALUES(13,'image','ActiveStorage::VariantRecord',5,13,'2023-12-13 07:58:54.651466');
INSERT INTO active_storage_attachments VALUES(18,'images','Article',5,18,'2023-12-13 08:21:29.940566');
INSERT INTO active_storage_attachments VALUES(19,'images','Article',5,19,'2023-12-13 08:21:29.946597');
INSERT INTO active_storage_attachments VALUES(20,'images','Article',5,20,'2023-12-13 08:21:29.952161');
INSERT INTO active_storage_attachments VALUES(21,'image','ActiveStorage::VariantRecord',8,21,'2023-12-13 08:21:31.616122');
INSERT INTO active_storage_attachments VALUES(22,'image','ActiveStorage::VariantRecord',9,22,'2023-12-13 08:21:31.695374');
INSERT INTO active_storage_attachments VALUES(23,'image','ActiveStorage::VariantRecord',10,23,'2023-12-13 08:21:32.271119');
INSERT INTO active_storage_attachments VALUES(24,'images','Article',6,24,'2023-12-13 08:25:53.441145');
INSERT INTO active_storage_attachments VALUES(25,'image','ActiveStorage::VariantRecord',11,25,'2023-12-13 08:25:54.013621');
INSERT INTO active_storage_attachments VALUES(26,'images','Article',7,26,'2023-12-13 08:29:29.964904');
INSERT INTO active_storage_attachments VALUES(27,'images','Article',7,27,'2023-12-13 08:29:29.970444');
INSERT INTO active_storage_attachments VALUES(28,'images','Article',7,28,'2023-12-13 08:29:29.975852');
INSERT INTO active_storage_attachments VALUES(29,'image','ActiveStorage::VariantRecord',12,29,'2023-12-13 08:29:35.599623');
INSERT INTO active_storage_attachments VALUES(30,'image','ActiveStorage::VariantRecord',13,30,'2023-12-13 08:29:35.708115');
INSERT INTO active_storage_attachments VALUES(31,'image','ActiveStorage::VariantRecord',14,31,'2023-12-13 08:29:35.842960');
INSERT INTO active_storage_attachments VALUES(33,'image','ActiveStorage::VariantRecord',15,33,'2023-12-13 08:32:26.362986');
INSERT INTO active_storage_attachments VALUES(34,'images','Article',6,34,'2023-12-14 00:19:09.425564');
INSERT INTO active_storage_attachments VALUES(35,'image','ActiveStorage::VariantRecord',16,35,'2023-12-14 00:19:10.982576');
INSERT INTO active_storage_attachments VALUES(36,'image','ActiveStorage::VariantRecord',17,36,'2023-12-22 08:31:45.176623');
INSERT INTO active_storage_attachments VALUES(37,'image','ActiveStorage::VariantRecord',18,37,'2023-12-22 08:31:50.339311');
INSERT INTO active_storage_attachments VALUES(38,'image','ActiveStorage::VariantRecord',19,38,'2023-12-22 08:32:13.725468');
INSERT INTO active_storage_attachments VALUES(39,'image','ActiveStorage::VariantRecord',20,39,'2023-12-22 08:32:13.882684');
INSERT INTO active_storage_attachments VALUES(40,'image','ActiveStorage::VariantRecord',21,40,'2023-12-22 08:32:14.807773');
INSERT INTO active_storage_attachments VALUES(41,'image','ActiveStorage::VariantRecord',22,41,'2023-12-22 08:32:57.065769');
INSERT INTO active_storage_attachments VALUES(42,'image','ActiveStorage::VariantRecord',23,42,'2023-12-22 08:33:02.969399');
INSERT INTO active_storage_attachments VALUES(43,'image','ActiveStorage::VariantRecord',24,43,'2023-12-22 08:33:03.026216');
INSERT INTO active_storage_attachments VALUES(44,'image','ActiveStorage::VariantRecord',25,44,'2023-12-22 08:33:23.665214');
INSERT INTO active_storage_attachments VALUES(45,'image','ActiveStorage::VariantRecord',26,45,'2023-12-22 08:33:23.969463');
INSERT INTO active_storage_attachments VALUES(46,'image','ActiveStorage::VariantRecord',27,46,'2023-12-22 08:33:24.623572');
INSERT INTO active_storage_attachments VALUES(47,'image','ActiveStorage::VariantRecord',28,47,'2023-12-22 08:33:25.062308');
INSERT INTO active_storage_attachments VALUES(48,'image','ActiveStorage::VariantRecord',29,48,'2023-12-22 08:37:20.164115');
INSERT INTO active_storage_attachments VALUES(49,'image','ActiveStorage::VariantRecord',30,49,'2023-12-22 08:37:20.419528');
INSERT INTO active_storage_attachments VALUES(50,'image','ActiveStorage::VariantRecord',31,50,'2023-12-22 08:37:25.531313');
INSERT INTO active_storage_attachments VALUES(51,'image','ActiveStorage::VariantRecord',32,51,'2023-12-22 08:37:25.820218');
INSERT INTO active_storage_attachments VALUES(52,'image','ActiveStorage::VariantRecord',33,52,'2023-12-22 08:37:57.996724');
INSERT INTO active_storage_attachments VALUES(53,'image','ActiveStorage::VariantRecord',34,53,'2023-12-22 08:37:58.296539');
INSERT INTO active_storage_attachments VALUES(54,'image','ActiveStorage::VariantRecord',35,54,'2023-12-22 08:37:58.382773');
INSERT INTO active_storage_attachments VALUES(55,'image','ActiveStorage::VariantRecord',36,55,'2023-12-22 08:38:03.471749');
INSERT INTO active_storage_attachments VALUES(56,'image','ActiveStorage::VariantRecord',37,56,'2023-12-22 08:38:03.533756');
INSERT INTO active_storage_attachments VALUES(57,'image','ActiveStorage::VariantRecord',38,57,'2023-12-22 08:38:32.981550');
INSERT INTO active_storage_attachments VALUES(58,'image','ActiveStorage::VariantRecord',39,58,'2023-12-22 08:38:33.251728');
INSERT INTO active_storage_attachments VALUES(59,'image','ActiveStorage::VariantRecord',40,59,'2023-12-22 08:38:33.364468');
INSERT INTO active_storage_attachments VALUES(60,'image','ActiveStorage::VariantRecord',41,60,'2023-12-22 08:38:33.615101');
INSERT INTO active_storage_attachments VALUES(61,'image','ActiveStorage::VariantRecord',42,61,'2023-12-22 08:38:34.074778');
INSERT INTO active_storage_attachments VALUES(62,'image','ActiveStorage::VariantRecord',43,62,'2023-12-22 08:39:47.467294');
INSERT INTO active_storage_attachments VALUES(63,'image','ActiveStorage::VariantRecord',44,63,'2023-12-22 08:39:47.806702');
INSERT INTO active_storage_attachments VALUES(64,'image','ActiveStorage::VariantRecord',45,64,'2023-12-22 08:39:47.870336');
INSERT INTO active_storage_attachments VALUES(65,'image','ActiveStorage::VariantRecord',46,65,'2023-12-22 08:39:48.002070');
INSERT INTO active_storage_attachments VALUES(66,'image','ActiveStorage::VariantRecord',47,66,'2023-12-22 08:39:48.550012');
INSERT INTO active_storage_attachments VALUES(67,'image','ActiveStorage::VariantRecord',48,67,'2023-12-22 08:40:46.402276');
INSERT INTO active_storage_attachments VALUES(68,'image','ActiveStorage::VariantRecord',49,68,'2023-12-22 08:40:46.701431');
INSERT INTO active_storage_attachments VALUES(69,'image','ActiveStorage::VariantRecord',50,69,'2023-12-22 08:40:46.820150');
INSERT INTO active_storage_attachments VALUES(70,'image','ActiveStorage::VariantRecord',51,70,'2023-12-22 08:40:46.853441');
INSERT INTO active_storage_attachments VALUES(71,'image','ActiveStorage::VariantRecord',52,71,'2023-12-22 08:40:47.445894');
INSERT INTO active_storage_attachments VALUES(72,'image','ActiveStorage::VariantRecord',53,72,'2023-12-22 08:40:57.505820');
INSERT INTO active_storage_attachments VALUES(73,'image','ActiveStorage::VariantRecord',54,73,'2023-12-22 08:40:57.785069');
INSERT INTO active_storage_attachments VALUES(74,'image','ActiveStorage::VariantRecord',55,74,'2023-12-22 08:40:57.818323');
INSERT INTO active_storage_attachments VALUES(75,'image','ActiveStorage::VariantRecord',56,75,'2023-12-22 08:40:57.909642');
INSERT INTO active_storage_attachments VALUES(76,'image','ActiveStorage::VariantRecord',57,76,'2023-12-22 08:40:58.640188');
INSERT INTO active_storage_attachments VALUES(77,'image','ActiveStorage::VariantRecord',58,77,'2023-12-22 08:52:36.757605');
INSERT INTO active_storage_attachments VALUES(78,'image','ActiveStorage::VariantRecord',59,78,'2023-12-22 08:52:39.733568');
INSERT INTO active_storage_attachments VALUES(79,'image','ActiveStorage::VariantRecord',60,79,'2023-12-22 08:52:47.467237');
INSERT INTO active_storage_attachments VALUES(80,'image','ActiveStorage::VariantRecord',61,80,'2023-12-22 08:52:47.547190');
INSERT INTO active_storage_attachments VALUES(81,'image','ActiveStorage::VariantRecord',62,81,'2023-12-22 08:52:48.229928');
INSERT INTO active_storage_attachments VALUES(82,'image','ActiveStorage::VariantRecord',63,82,'2023-12-22 08:52:57.486031');
INSERT INTO active_storage_attachments VALUES(83,'image','ActiveStorage::VariantRecord',64,83,'2023-12-22 08:52:57.619644');
INSERT INTO active_storage_attachments VALUES(84,'image','ActiveStorage::VariantRecord',65,84,'2023-12-22 08:53:02.911619');
INSERT INTO active_storage_attachments VALUES(85,'image','ActiveStorage::VariantRecord',66,85,'2023-12-22 08:59:23.496494');
INSERT INTO active_storage_attachments VALUES(86,'image','ActiveStorage::VariantRecord',67,86,'2023-12-22 08:59:23.802474');
INSERT INTO active_storage_attachments VALUES(87,'image','ActiveStorage::VariantRecord',68,87,'2023-12-22 08:59:24.229777');
INSERT INTO active_storage_attachments VALUES(88,'image','ActiveStorage::VariantRecord',69,88,'2023-12-22 08:59:53.155172');
INSERT INTO active_storage_attachments VALUES(89,'image','ActiveStorage::VariantRecord',70,89,'2023-12-25 06:32:06.923607');
INSERT INTO active_storage_attachments VALUES(90,'image','ActiveStorage::VariantRecord',71,90,'2023-12-25 06:32:20.924018');
INSERT INTO active_storage_attachments VALUES(91,'image','ActiveStorage::VariantRecord',72,91,'2023-12-25 06:32:21.427072');
CREATE TABLE IF NOT EXISTS "active_storage_variant_records" ("id" integer PRIMARY KEY AUTOINCREMENT NOT NULL, "blob_id" bigint NOT NULL, "variation_digest" varchar NOT NULL, CONSTRAINT "fk_rails_993965df05"
FOREIGN KEY ("blob_id")
  REFERENCES "active_storage_blobs" ("id")
);
INSERT INTO active_storage_variant_records VALUES(1,1,'X8PzGZtw+WQ/e4Uw9FqCgoTQOOk=');
INSERT INTO active_storage_variant_records VALUES(2,4,'JbLhEUa02KZW+ZGbvfC+IEbakLI=');
INSERT INTO active_storage_variant_records VALUES(3,6,'JbLhEUa02KZW+ZGbvfC+IEbakLI=');
INSERT INTO active_storage_variant_records VALUES(4,10,'5EeCz/yApZMqAW0mp0wDy2Z3c5o=');
INSERT INTO active_storage_variant_records VALUES(5,12,'JbLhEUa02KZW+ZGbvfC+IEbakLI=');
INSERT INTO active_storage_variant_records VALUES(8,18,'JbLhEUa02KZW+ZGbvfC+IEbakLI=');
INSERT INTO active_storage_variant_records VALUES(9,20,'JbLhEUa02KZW+ZGbvfC+IEbakLI=');
INSERT INTO active_storage_variant_records VALUES(10,19,'NLvGa5nYeSG9+nzYpR0xh8xzPBg=');
INSERT INTO active_storage_variant_records VALUES(11,24,'NLvGa5nYeSG9+nzYpR0xh8xzPBg=');
INSERT INTO active_storage_variant_records VALUES(12,27,'NLvGa5nYeSG9+nzYpR0xh8xzPBg=');
INSERT INTO active_storage_variant_records VALUES(13,28,'NLvGa5nYeSG9+nzYpR0xh8xzPBg=');
INSERT INTO active_storage_variant_records VALUES(14,26,'JbLhEUa02KZW+ZGbvfC+IEbakLI=');
INSERT INTO active_storage_variant_records VALUES(15,32,'NLvGa5nYeSG9+nzYpR0xh8xzPBg=');
INSERT INTO active_storage_variant_records VALUES(16,34,'NLvGa5nYeSG9+nzYpR0xh8xzPBg=');
INSERT INTO active_storage_variant_records VALUES(17,10,'XW7mO1zta2NKHIacjlHgKO3055A=');
INSERT INTO active_storage_variant_records VALUES(18,24,'0iZSUZr/jBfrluINHGIt65gE7jk=');
INSERT INTO active_storage_variant_records VALUES(19,12,'IzqiZdZU5q5I26ASyS2IIBALjNA=');
INSERT INTO active_storage_variant_records VALUES(20,18,'IzqiZdZU5q5I26ASyS2IIBALjNA=');
INSERT INTO active_storage_variant_records VALUES(21,26,'IzqiZdZU5q5I26ASyS2IIBALjNA=');
INSERT INTO active_storage_variant_records VALUES(22,10,'QiY5HH/qEyXkQ4D0WPlPOyQ23zI=');
INSERT INTO active_storage_variant_records VALUES(23,18,'/oT4gUxT5rOJSS5mrl4Qr+cqzxo=');
INSERT INTO active_storage_variant_records VALUES(24,26,'/oT4gUxT5rOJSS5mrl4Qr+cqzxo=');
INSERT INTO active_storage_variant_records VALUES(25,10,'Ud+zMqsh5CpWaiJv1mm8Z6qqQlc=');
INSERT INTO active_storage_variant_records VALUES(26,24,'KWhSmCoQqchcZ7MlI+8GmwUbiXo=');
INSERT INTO active_storage_variant_records VALUES(27,18,'BwiolnNnWSNxOOGSRfLJSWdPXQ8=');
INSERT INTO active_storage_variant_records VALUES(28,26,'BwiolnNnWSNxOOGSRfLJSWdPXQ8=');
INSERT INTO active_storage_variant_records VALUES(29,10,'ERme7sXMfugAddZX+FarYOz4x9Y=');
INSERT INTO active_storage_variant_records VALUES(30,12,'UwMJonFmRsffCUSVTcCZJMne6C4=');
INSERT INTO active_storage_variant_records VALUES(31,24,'5qdNhMQ6XuHitaZ1x4FAwc3nHmk=');
INSERT INTO active_storage_variant_records VALUES(32,26,'UwMJonFmRsffCUSVTcCZJMne6C4=');
INSERT INTO active_storage_variant_records VALUES(33,10,'3MG9V2v7/iZXrZ8pCQG7vvYtFTE=');
INSERT INTO active_storage_variant_records VALUES(34,12,'ZukciBYw5+d4PL8jEScjCe8opSI=');
INSERT INTO active_storage_variant_records VALUES(35,24,'1N8Qoe8+fw4q1aTqQNB2K20OTyY=');
INSERT INTO active_storage_variant_records VALUES(36,18,'ZukciBYw5+d4PL8jEScjCe8opSI=');
INSERT INTO active_storage_variant_records VALUES(37,26,'ZukciBYw5+d4PL8jEScjCe8opSI=');
INSERT INTO active_storage_variant_records VALUES(38,10,'MpKeur6AeDAmfBUm9xRj9cNR7Ck=');
INSERT INTO active_storage_variant_records VALUES(39,12,'KUO3yaoNr3RWjO7nYNKJ7gaD/QE=');
INSERT INTO active_storage_variant_records VALUES(40,18,'KUO3yaoNr3RWjO7nYNKJ7gaD/QE=');
INSERT INTO active_storage_variant_records VALUES(41,24,'tVuTY28Rxq7l27VotpGspHEBJ7c=');
INSERT INTO active_storage_variant_records VALUES(42,26,'KUO3yaoNr3RWjO7nYNKJ7gaD/QE=');
INSERT INTO active_storage_variant_records VALUES(43,10,'A7PnqonHVw/aaunMCIQkM+tQ+TI=');
INSERT INTO active_storage_variant_records VALUES(44,12,'wVfwT0MkMzVn3YjzY9hLVosh9tE=');
INSERT INTO active_storage_variant_records VALUES(45,18,'wVfwT0MkMzVn3YjzY9hLVosh9tE=');
INSERT INTO active_storage_variant_records VALUES(46,24,'CVPX3447jW+lhP3WsxMFeEvtY+E=');
INSERT INTO active_storage_variant_records VALUES(47,26,'wVfwT0MkMzVn3YjzY9hLVosh9tE=');
INSERT INTO active_storage_variant_records VALUES(48,10,'/JeeQMiwqxzm+GkmWdh3KcTLP6g=');
INSERT INTO active_storage_variant_records VALUES(49,12,'jDxwgbU3QthXhKsXl/uJEfbyLe0=');
INSERT INTO active_storage_variant_records VALUES(50,18,'jDxwgbU3QthXhKsXl/uJEfbyLe0=');
INSERT INTO active_storage_variant_records VALUES(51,24,'xvEqdHl2opby+91Nhxix1YvEsLM=');
INSERT INTO active_storage_variant_records VALUES(52,26,'jDxwgbU3QthXhKsXl/uJEfbyLe0=');
INSERT INTO active_storage_variant_records VALUES(53,10,'zw6L7LLQS4uxCMRUxM9kIfLxfts=');
INSERT INTO active_storage_variant_records VALUES(54,12,'hPkeySjOzLuVaCC9YIdYh8nbo4k=');
INSERT INTO active_storage_variant_records VALUES(55,24,'8dJOOMFmG8zKYfYFLj1IkUqovgs=');
INSERT INTO active_storage_variant_records VALUES(56,18,'hPkeySjOzLuVaCC9YIdYh8nbo4k=');
INSERT INTO active_storage_variant_records VALUES(57,26,'hPkeySjOzLuVaCC9YIdYh8nbo4k=');
INSERT INTO active_storage_variant_records VALUES(58,10,'JBww0+X6kp0rrBkYd9Yvu4rrRvg=');
INSERT INTO active_storage_variant_records VALUES(59,12,'1x5dgqXbRQVRNxV0eFeMB/z8DdM=');
INSERT INTO active_storage_variant_records VALUES(60,18,'1x5dgqXbRQVRNxV0eFeMB/z8DdM=');
INSERT INTO active_storage_variant_records VALUES(61,20,'1x5dgqXbRQVRNxV0eFeMB/z8DdM=');
INSERT INTO active_storage_variant_records VALUES(62,19,'uhfNUNoLIS0Snxmn+8L/Jqx/ByA=');
INSERT INTO active_storage_variant_records VALUES(63,18,'4RyXNGhsEeBVzG5c8xhAoNAQxUs=');
INSERT INTO active_storage_variant_records VALUES(64,20,'4RyXNGhsEeBVzG5c8xhAoNAQxUs=');
INSERT INTO active_storage_variant_records VALUES(65,19,'LmdINoKiX9ZMA8rZjaxubplrSCU=');
INSERT INTO active_storage_variant_records VALUES(66,28,'LmdINoKiX9ZMA8rZjaxubplrSCU=');
INSERT INTO active_storage_variant_records VALUES(67,27,'LmdINoKiX9ZMA8rZjaxubplrSCU=');
INSERT INTO active_storage_variant_records VALUES(68,26,'4RyXNGhsEeBVzG5c8xhAoNAQxUs=');
INSERT INTO active_storage_variant_records VALUES(69,10,'siAFj8fk3k+qfPY6JNwNwSq4l58=');
INSERT INTO active_storage_variant_records VALUES(70,12,'4RyXNGhsEeBVzG5c8xhAoNAQxUs=');
INSERT INTO active_storage_variant_records VALUES(71,24,'LmdINoKiX9ZMA8rZjaxubplrSCU=');
INSERT INTO active_storage_variant_records VALUES(72,34,'LmdINoKiX9ZMA8rZjaxubplrSCU=');
DELETE FROM sqlite_sequence;
INSERT INTO sqlite_sequence VALUES('articles',9);
INSERT INTO sqlite_sequence VALUES('active_storage_blobs',91);
INSERT INTO sqlite_sequence VALUES('active_storage_attachments',91);
INSERT INTO sqlite_sequence VALUES('active_storage_variant_records',72);
INSERT INTO sqlite_sequence VALUES('comments',5);
CREATE INDEX "index_comments_on_article_id" ON "comments" ("article_id");
CREATE UNIQUE INDEX "index_active_storage_blobs_on_key" ON "active_storage_blobs" ("key");
CREATE INDEX "index_active_storage_attachments_on_blob_id" ON "active_storage_attachments" ("blob_id");
CREATE UNIQUE INDEX "index_active_storage_attachments_uniqueness" ON "active_storage_attachments" ("record_type", "record_id", "name", "blob_id");
CREATE UNIQUE INDEX "index_active_storage_variant_records_uniqueness" ON "active_storage_variant_records" ("blob_id", "variation_digest");
COMMIT;
